Modell,Durchgang,Score (%),Dauer (s)
DecisionTree,2,99.44008958566629,0.03571915626525879
RandomForest,8,99.44008958566629,0.041242122650146484
KNeighbors,2,99.10414333706606,0.08453941345214844
SVC,1,99.10414333706606,0.1815321445465088
MLPClassifier,3,98.99216125419933,3.114823818206787
GradientBoost,10,98.88017917133259,1.1739652156829834
LogisticRegression,10,98.43225083986562,0.03202056884765625
GaussianNB,9,25.867861142217247,0.02147817611694336
